{
  "type": "minecraft:chest",
  "pools": [
    {
      "rolls": {
        "type": "minecraft:uniform",
        "min": 2,
        "max": 4
      },
      "bonus_rolls": 0,
      "entries": [
        {
          "type": "minecraft:item",
          "weight": 5,
          "name": "minecraft:spectral_arrow",
          "functions": [
            {
              "function": "minecraft:set_count",
              "count": {
                "type": "minecraft:uniform",
                "min": 4,
                "max": 8
              },
              "add": false
            }
          ]
        },
        {
          "type": "minecraft:item",
          "weight": 5,
          "name": "minecraft:fire_charge",
          "functions": [
            {
              "function": "minecraft:set_count",
              "count": {
                "type": "minecraft:uniform",
                "min": 2,
                "max": 3
              },
              "add": false
            }
          ]
        }
      ]
    },
    {
      "rolls": 1,
      "bonus_rolls": 0,
      "entries": [
        {
          "type": "minecraft:item",
          "weight": 20,
          "name": "minecraft:crossbow",
          "functions": [
            {
              "function": "minecraft:set_damage",
              "damage": {
                "type": "minecraft:uniform",
                "min": 0.1,
                "max": 0.9
              },
              "add": false
            }
          ]
        },
        {
          "type": "minecraft:item",
          "weight": 10,
          "name": "minecraft:crossbow",
          "functions": [
            {
              "function": "minecraft:enchant_with_levels",
              "levels": 10,
              "treasure": true
            },
            {
              "function": "minecraft:set_damage",
              "damage": {
                "type": "minecraft:uniform",
                "min": 0.1,
                "max": 0.8
              },
              "add": false
            }
          ]
        },
        {
          "type": "minecraft:item",
          "weight": 5,
          "name": "minecraft:crossbow",
          "functions": [
            {
              "function": "minecraft:enchant_with_levels",
              "levels": 20,
              "treasure": true
            },
            {
              "function": "minecraft:set_damage",
              "damage": {
                "type": "minecraft:uniform",
                "min": 0.1,
                "max": 0.8
              },
              "add": false
            }
          ]
        }
      ]
    },
    {
      "rolls": {
        "type": "minecraft:uniform",
        "min": 2,
        "max": 3
      },
      "bonus_rolls": 0,
      "entries": [
        {
          "type": "minecraft:item",
          "weight": 10,
          "quality": 1,
          "name": "molotov:molotov",
          "functions": [
            {
              "function": "minecraft:set_count",
              "count": {
                "type": "minecraft:uniform",
                "min": 0,
                "max": 8
              },
              "add": false
            }
          ]
        },
        {
          "type": "minecraft:item",
          "weight": 20,
          "quality": 2,
          "name": "supplementaries:quiver",
          "functions": [
            {
              "function": "minecraft:set_contents",
              "type": "minecraft:barrel",
              "entries": [
                {
                  "type": "minecraft:item",
                  "name": "minecraft:arrow",
                  "functions": [
                    {
                      "function": "minecraft:set_count",
                      "count": {
                        "type": "minecraft:uniform",
                        "min": 1,
                        "max": 16
                      },
                      "add": false
                    }
                  ]
                }
              ]
            }
          ]
        },
        {
          "type": "minecraft:item",
          "weight": 3,
          "quality": 2,
          "name": "supplementaries:bomb_spiky",
          "functions": [
            {
              "function": "minecraft:set_count",
              "count": {
                "type": "minecraft:uniform",
                "min": 2,
                "max": 6
              },
              "add": false
            }
          ]
        }
      ]
    },
    {
      "rolls": {
        "type": "minecraft:uniform",
        "min": 1,
        "max": 4
      },
      "bonus_rolls": 1,
      "entries": [
        {
          "type": "minecraft:item",
          "name": "endersdelight:ender_shard",
          "conditions": [
            {
              "condition": "minecraft:location_check",
              "predicate": {
                "biome": "minecraft:warped_forest"
              }
            }
          ]
        },
        {
          "type": "minecraft:item",
          "name": "tconstruct:debris_nugget",
          "conditions": [
            {
              "condition": "minecraft:location_check",
              "predicate": {
                "biome": "minecraft:nether_wastes"
              }
            }
          ]
        },
        {
          "type": "minecraft:item",
          "name": "minecraft:nether_wart",
          "conditions": [
            {
              "condition": "minecraft:location_check",
              "predicate": {
                "biome": "minecraft:crimson_forest"
              }
            }
          ]
        },
        {
          "type": "minecraft:item",
          "name": "infernalexp:soul_salt_clump",
          "conditions": [
            {
              "condition": "minecraft:location_check",
              "predicate": {
                "biome": "minecraft:soul_sand_valley"
              }
            }
          ]
        },
        {
          "type": "minecraft:item",
          "name": "infernalexp:glownuggets",
          "functions": [
            {
              "function": "minecraft:set_count",
              "count": {
                "type": "minecraft:uniform",
                "min": 0,
                "max": 4
              },
              "add": false
            }
          ],
          "conditions": [
            {
              "condition": "minecraft:location_check",
              "predicate": {
                "biome": "infernalexp:glowstone_canyon"
              }
            }
          ]
        },
        {
          "type": "minecraft:item",
          "name": "thermal:basalz_rod",
          "conditions": [
            {
              "condition": "minecraft:location_check",
              "predicate": {
                "biome": "minecraft:basalt_deltas"
              }
            }
          ]
        }
      ]
    }
  ]
}
