{
    "__comment": "Model generated using MrCrayfish's Model Creator (https://mrcrayfish.com/tools?id=mc)",
    "textures": {
        "particle": "forbidden_arcanus:block/hephaestus_forge_side",
        "hephaestus_forge_side": "forbidden_arcanus:block/hephaestus_forge_side",
        "hephaestus_forge_side_layer": "forbidden_arcanus:block/hephaestus_forge_side_layer",
        "hephaestus_forge_cloth_side": "forbidden_arcanus:block/hephaestus_forge_cloth_side",
        "hephaestus_forge_bottom": "forbidden_arcanus:block/hephaestus_forge_bottom",
        "hephaestus_forge_top": "forbidden_arcanus:block/hephaestus_forge_top",
        "hephaestus_forge_top_layer": "forbidden_arcanus:block/hephaestus_forge_top_layer",
        "stellarite_block": "forbidden_arcanus:block/stellarite_block_hephaestus"
    },
    "parent": "block/cube_all",
    "elements": [
        {
            "name": "HephaestusBottom",
            "from": [ 1, 0, 1 ],
            "to": [ 15, 3, 15 ],
            "faces": {
                "north": { "texture": "#hephaestus_forge_side", "uv": [ 1, 13, 15, 16 ] },
                "east": { "texture": "#hephaestus_forge_side", "uv": [ 1, 13, 15, 16 ] },
                "south": { "texture": "#hephaestus_forge_side", "uv": [ 1, 13, 15, 16 ] },
                "west": { "texture": "#hephaestus_forge_side", "uv": [ 1, 13, 15, 16 ] },
                "up": { "texture": "#hephaestus_forge_bottom", "uv": [ 1, 1, 15, 15 ] },
                "down": { "texture": "#hephaestus_forge_bottom", "uv": [ 1, 1, 15, 15 ], "cullface": "down" }
            }
        },
        {
            "name": "HephaestusBottom",
            "from": [ 2, 3, 2 ],
            "to": [ 14, 4, 14 ],
            "faces": {
                "north": { "texture": "#hephaestus_forge_side", "uv": [ 2, 12, 14, 13 ] },
                "east": { "texture": "#hephaestus_forge_side", "uv": [ 2, 12, 14, 13 ] },
                "south": { "texture": "#hephaestus_forge_side", "uv": [ 2, 12, 14, 13 ] },
                "west": { "texture": "#hephaestus_forge_side", "uv": [ 2, 12, 14, 13 ] },
                "up": { "texture": "#hephaestus_forge_bottom", "uv": [ 2, 2, 14, 14 ] }
            }
        },
        {
            "name": "HephaestusBottom",
            "from": [ 4, 4, 4 ],
            "to": [ 12, 8, 12 ],
            "faces": {
                "north": { "texture": "#hephaestus_forge_side", "uv": [ 4, 8, 12, 12 ] },
                "east": { "texture": "#hephaestus_forge_side", "uv": [ 4, 8, 12, 12 ] },
                "south": { "texture": "#hephaestus_forge_side", "uv": [ 4, 8, 12, 12 ] },
                "west": { "texture": "#hephaestus_forge_side", "uv": [ 4, 8, 12, 12 ] }
            }
        },
        {
            "name": "HephaestusTop",
            "from": [ 0, 8, 0 ],
            "to": [ 16, 15, 16 ],
            "faces": {
                "north": { "texture": "#hephaestus_forge_side", "uv": [ 0, 1, 16, 8 ], "cullface": "north" },
                "east": { "texture": "#hephaestus_forge_side", "uv": [ 0, 1, 16, 8 ], "cullface": "east" },
                "south": { "texture": "#hephaestus_forge_side", "uv": [ 0, 1, 16, 8 ], "cullface": "south" },
                "west": { "texture": "#hephaestus_forge_side", "uv": [ 0, 1, 16, 8 ], "cullface": "west" },
                "up": { "texture": "#hephaestus_forge_top", "uv": [ 0, 0, 16, 16 ] },
                "down": { "texture": "#stellarite_block", "uv": [ 0, 0, 16, 16 ] }
            }
        },
        {
            "name": "HephaestusTop",
            "from": [ 0, 5, 0 ],
            "to": [ 16, 8, 0 ],
            "faces": {
                "north": { "texture": "#hephaestus_forge_cloth_side", "uv": [ 0, 8, 16, 11 ], "cullface": "north" },
                "south": { "texture": "#hephaestus_forge_cloth_side", "uv": [ 16, 8, 0, 11 ] }
            }
        },
        {
            "name": "HephaestusTop",
            "from": [ 0, 5, 16 ],
            "to": [ 16, 8, 16 ],
            "faces": {
                "north": { "texture": "#hephaestus_forge_cloth_side", "uv": [ 0, 8, 16, 11 ] },
                "south": { "texture": "#hephaestus_forge_cloth_side", "uv": [ 16, 8, 0, 11 ], "cullface": "south" }
            }
        },
        {
            "name": "HephaestusTop",
            "from": [ 0, 5, 0 ],
            "to": [ 0, 8, 16 ],
            "faces": {
                "east": { "texture": "#hephaestus_forge_cloth_side", "uv": [ 16, 8, 0, 11 ] },
                "west": { "texture": "#hephaestus_forge_cloth_side", "uv": [ 0, 8, 16, 11 ], "cullface": "west" }
            }
        },
        {
            "name": "HephaestusTop",
            "from": [ 16, 5, 0 ],
            "to": [ 16, 8, 16 ],
            "faces": {
                "east": { "texture": "#hephaestus_forge_cloth_side", "uv": [ 16, 8, 0, 11 ], "cullface": "east" },
                "west": { "texture": "#hephaestus_forge_cloth_side", "uv": [ 0, 8, 16, 11 ] }
            }
        },
        {
            "name": "HephaestusTopLayer",
            "from": [ 0, 13, 0 ],
            "to": [ 3, 16, 3 ],
            "faces": {
                "north": { "texture": "#hephaestus_forge_side_layer", "uv": [ 13, 0, 16, 3 ], "cullface": "north" },
                "east": { "texture": "#hephaestus_forge_side_layer", "uv": [ 13, 2, 16, 5 ] },
                "south": { "texture": "#hephaestus_forge_side_layer", "uv": [ 0, 2, 3, 5 ] },
                "west": { "texture": "#hephaestus_forge_side_layer", "uv": [ 0, 0, 3, 3 ], "cullface": "west" },
                "up": { "texture": "#hephaestus_forge_top_layer", "uv": [ 0, 0, 3, 3 ], "cullface": "up" }
            }
        },
        {
            "name": "HephaestusTopLayer",
            "from": [ 13, 13, 0 ],
            "to": [ 16, 16, 3 ],
            "faces": {
                "north": { "texture": "#hephaestus_forge_side_layer", "uv": [ 0, 0, 3, 3 ], "cullface": "north" },
                "east": { "texture": "#hephaestus_forge_side_layer", "uv": [ 13, 0, 16, 3 ], "cullface": "east" },
                "south": { "texture": "#hephaestus_forge_side_layer", "uv": [ 13, 2, 16, 5 ] },
                "west": { "texture": "#hephaestus_forge_side_layer", "uv": [ 0, 2, 3, 5 ] },
                "up": { "texture": "#hephaestus_forge_top_layer", "uv": [ 13, 0, 16, 3 ], "cullface": "up" }
            }
        },
        {
            "name": "HephaestusTopLayer",
            "from": [ 13, 13, 13 ],
            "to": [ 16, 16, 16 ],
            "faces": {
                "north": { "texture": "#hephaestus_forge_side_layer", "uv": [ 13, 2, 16, 5 ] },
                "east": { "texture": "#hephaestus_forge_side_layer", "uv": [ 0, 0, 3, 3 ], "cullface": "east" },
                "south": { "texture": "#hephaestus_forge_side_layer", "uv": [ 13, 0, 16, 3 ], "cullface": "south" },
                "west": { "texture": "#hephaestus_forge_side_layer", "uv": [ 13, 2, 16, 5 ] },
                "up": { "texture": "#hephaestus_forge_top_layer", "uv": [ 13, 13, 16, 16 ], "cullface": "up" }
            }
        },
        {
            "name": "HephaestusTopLayer",
            "from": [ 0, 13, 13 ],
            "to": [ 3, 16, 16 ],
            "faces": {
                "north": { "texture": "#hephaestus_forge_side_layer", "uv": [ 13, 2, 16, 3 ] },
                "east": { "texture": "#hephaestus_forge_side_layer", "uv": [ 0, 2, 3, 5 ] },
                "south": { "texture": "#hephaestus_forge_side_layer", "uv": [ 0, 0, 3, 3 ], "cullface": "south" },
                "west": { "texture": "#hephaestus_forge_side_layer", "uv": [ 13, 0, 16, 3 ], "cullface": "west" },
                "up": { "texture": "#hephaestus_forge_top_layer", "uv": [ 0, 13, 3, 16 ], "cullface": "up" }
            }
        }
    ]
}
