{
	"credit": "Made with Blockbench",
	"textures": {
		"4": "farmersdelight:block/oak_cabinet_top",
		"5": "farmersdelight:block/spruce_cabinet_side",
		"particle": "farmersdelight:block/spruce_cabinet_side",
		"top": "farmingforblockheads:block/market_top",
		"roof": "farmingforblockheads:block/market_roof"
	},
	"elements": [
		{
			"name": "wallEast",
			"from": [14, 0, 1],
			"to": [15, 14, 15],
			"faces": {
				"north": {"uv": [1, 2, 2, 16], "texture": "#5"},
				"east": {"uv": [1, 2, 15, 16], "texture": "#5"},
				"south": {"uv": [14, 2, 15, 16], "texture": "#5"},
				"west": {"uv": [1, 2, 15, 16], "texture": "#5"},
				"down": {"uv": [1, 15, 15, 16], "rotation": 90, "texture": "#5", "cullface": "down"}
			}
		},
		{
			"name": "wallWest",
			"from": [1, 0, 1],
			"to": [2, 14, 15],
			"faces": {
				"north": {"uv": [14, 2, 15, 16], "texture": "#5"},
				"east": {"uv": [1, 2, 15, 16], "texture": "#5"},
				"south": {"uv": [14, 2, 15, 16], "texture": "#5"},
				"west": {"uv": [1, 2, 15, 16], "texture": "#5"},
				"down": {"uv": [1, 15, 15, 16], "rotation": 90, "texture": "#5", "cullface": "down"}
			}
		},
		{
			"name": "wallNorth",
			"from": [2, 0, 1],
			"to": [14, 14, 2],
			"faces": {
				"north": {"uv": [2, 2, 14, 16], "texture": "#5"},
				"south": {"uv": [2, 2, 14, 16], "texture": "#5"},
				"down": {"uv": [14, 15, 2, 16], "texture": "#5", "cullface": "down"}
			}
		},
		{
			"name": "shelfLower",
			"from": [2, 2, 2],
			"to": [14, 3, 14],
			"faces": {
				"south": {"uv": [2, 13, 14, 14], "texture": "#4"},
				"up": {"uv": [2, 2, 14, 14], "texture": "#4"},
				"down": {"uv": [2, 2, 14, 14], "texture": "#4"}
			}
		},
		{
			"name": "shelfUpper",
			"from": [2, 8, 2],
			"to": [14, 9, 14],
			"faces": {
				"south": {"uv": [2, 13, 14, 14], "texture": "#4"},
				"up": {"uv": [2, 2, 14, 14], "texture": "#4"},
				"down": {"uv": [2, 2, 14, 14], "texture": "#4"}
			}
		},
		{
			"name": "marketTop",
			"from": [0, 14, 0],
			"to": [16, 16, 16],
			"faces": {
				"north": {"uv": [0, 0, 16, 2], "texture": "#top", "cullface": "north"},
				"east": {"uv": [0, 0, 16, 2], "texture": "#4", "cullface": "east"},
				"south": {"uv": [0, 0, 16, 2], "texture": "#4", "cullface": "south"},
				"west": {"uv": [0, 0, 16, 2], "texture": "#4", "cullface": "west"},
				"up": {"uv": [0, 0, 16, 16], "texture": "#top"},
				"down": {"uv": [0, 0, 16, 16], "texture": "#4"}
			}
		},
		{
			"name": "marketDrape",
			"from": [4, 10, 0],
			"to": [12, 14, 1],
			"faces": {
				"north": {"uv": [4, 2, 12, 6], "texture": "#top", "cullface": "north"},
				"east": {"uv": [4, 2, 5, 6], "texture": "#top"},
				"west": {"uv": [11, 2, 12, 6], "texture": "#top"},
				"down": {"uv": [4, 5, 12, 6], "texture": "#top"}
			}
		},
		{
			"name": "supportBackEast",
			"from": [14.5, 16, 14.5],
			"to": [15.5, 28, 15.5],
			"faces": {
				"north": {"uv": [8, 4, 9, 16], "texture": "#5"},
				"east": {"uv": [8, 4, 9, 16], "texture": "#5"},
				"south": {"uv": [8, 4, 9, 16], "texture": "#5"},
				"west": {"uv": [8, 4, 9, 16], "texture": "#5"}
			}
		},
		{
			"name": "supportBackWest",
			"from": [0.5, 16, 14.5],
			"to": [1.5, 28, 15.5],
			"faces": {
				"north": {"uv": [3, 4, 4, 16], "texture": "#5"},
				"east": {"uv": [3, 4, 4, 16], "texture": "#5"},
				"south": {"uv": [3, 4, 4, 16], "texture": "#5"},
				"west": {"uv": [3, 4, 4, 16], "texture": "#5"}
			}
		},
		{
			"name": "supportFrontEast",
			"from": [14.5, 16, 5.5],
			"to": [15.5, 28, 6.5],
			"faces": {
				"north": {"uv": [11, 4, 12, 16], "texture": "#5"},
				"east": {"uv": [11, 4, 12, 16], "texture": "#5"},
				"south": {"uv": [11, 4, 12, 16], "texture": "#5"},
				"west": {"uv": [11, 4, 12, 16], "texture": "#5"}
			}
		},
		{
			"name": "supportFrontWest",
			"from": [0.5, 16, 5.5],
			"to": [1.5, 28, 6.5],
			"faces": {
				"north": {"uv": [5, 4, 6, 16], "texture": "#5"},
				"east": {"uv": [5, 4, 6, 16], "texture": "#5"},
				"south": {"uv": [5, 4, 6, 16], "texture": "#5"},
				"west": {"uv": [5, 4, 6, 16], "texture": "#5"}
			}
		},
		{
			"name": "roof",
			"from": [0, 28, 4],
			"to": [16, 29, 16],
			"faces": {
				"north": {"uv": [16, 4, 0, 5], "texture": "#roof"},
				"east": {"uv": [15, 4, 16, 15], "rotation": 90, "texture": "#roof"},
				"south": {"uv": [0, 14, 16, 15], "texture": "#roof"},
				"west": {"uv": [0, 4, 1, 15], "rotation": 270, "texture": "#roof"},
				"up": {"uv": [0, 4, 16, 16], "texture": "#roof"},
				"down": {"uv": [0, 15, 16, 4], "texture": "#roof"}
			}
		},
		{
			"name": "roofSlanted",
			"from": [0.001, 28.3, 0.5],
			"to": [16.001, 29.3, 4.5],
			"rotation": {"angle": -22.5, "axis": "x", "origin": [0, 28, 5]},
			"faces": {
				"north": {"uv": [16, 0, 0, 1], "texture": "#roof"},
				"east": {"uv": [15, 0, 16, 4], "rotation": 90, "texture": "#roof"},
				"south": {"uv": [0, 3, 16, 4], "texture": "#roof"},
				"west": {"uv": [0, 0, 1, 4], "rotation": 270, "texture": "#roof"},
				"up": {"uv": [0, 0, 16, 4], "texture": "#roof"},
				"down": {"uv": [0, 4, 16, 0], "texture": "#roof"}
			}
		}
	]
}