{
	"credit": "Made with Blockbench by mo_shark, optimized by Almost Reliable",
	"parent": "block/block",
	"texture_size": [32, 32],
	"textures": {
		"3": "forbidden_arcanus:block/arcane_polished_darkstone_pillar_side",
		"5": "summoningrituals:block/altar",
		"candle": "block/candle",
		"wither": "entity/skeleton/wither_skeleton",
		"particle": "summoningrituals:block/altar"
	},
	"elements": [
		{
			"name": "base",
			"from": [3, 0, 3],
			"to": [13, 2, 13],
			"faces": {
				"north": {"uv": [0.5, 5, 5.5, 6], "texture": "#5"},
				"east": {"uv": [0.5, 5, 5.5, 6], "texture": "#5"},
				"south": {"uv": [0.5, 5, 5.5, 6], "texture": "#5"},
				"west": {"uv": [0.5, 5, 5.5, 6], "texture": "#5"},
				"up": {"uv": [1, 1, 5, 5], "texture": "#5"},
				"down": {"uv": [1, 1, 5, 5], "texture": "#5"}
			}
		},
		{
			"name": "leg",
			"from": [5, 2, 5],
			"to": [11, 9, 11],
			"faces": {
				"north": {"uv": [5, 9, 11, 16], "texture": "#3"},
				"east": {"uv": [5, 9, 11, 16], "texture": "#3"},
				"south": {"uv": [5, 9, 11, 16], "texture": "#3"},
				"west": {"uv": [5, 9, 11, 16], "texture": "#3"},
				"up": {"uv": [0, 0, 0, 0], "texture": "#3"},
				"down": {"uv": [0, 0, 0, 0], "texture": "#3"}
			}
		},
		{
			"name": "top",
			"from": [2, 9, 2],
			"to": [14, 13, 14],
			"faces": {
				"north": {"uv": [0, 6, 6, 8], "texture": "#5"},
				"east": {"uv": [0, 6, 6, 8], "texture": "#5"},
				"south": {"uv": [0, 6, 6, 8], "texture": "#5"},
				"west": {"uv": [6, 6, 0, 8], "texture": "#5"},
				"up": {"uv": [6, 0, 12, 6], "texture": "#5"},
				"down": {"uv": [0, 0, 6, 6], "texture": "#5"}
			}
		},
		{
			"name": "skull",
			"from": [5.25, 13, 8.25],
			"to": [9.25, 17, 12.25],
			"rotation": {"angle": -22.5, "axis": "y", "origin": [7, 15, 9]},
			"faces": {
				"north": {"uv": [2, 4, 4, 8], "texture": "#wither"},
				"east": {"uv": [0, 4, 2, 8], "texture": "#wither"},
				"south": {"uv": [6, 4, 8, 8], "texture": "#wither"},
				"west": {"uv": [4, 4, 6, 8], "texture": "#wither"},
				"up": {"uv": [2, 0, 4, 4], "texture": "#wither"}
			}
		},
		{
			"from": [6, 6, 2],
			"to": [10, 9, 2],
			"faces": {
				"north": {"uv": [2, 8, 4, 9.5], "texture": "#5"},
				"south": {"uv": [2, 8, 4, 9.5], "texture": "#5"}
			}
		},
		{
			"from": [6, 6, 14],
			"to": [10, 9, 14],
			"faces": {
				"north": {"uv": [8, 8, 10, 9], "texture": "#5"},
				"south": {"uv": [2, 8, 4, 9.5], "texture": "#5"}
			}
		},
		{
			"from": [14, 6, 6],
			"to": [14, 9, 10],
			"faces": {
				"east": {"uv": [2, 8, 4, 9.5], "texture": "#5"},
				"west": {"uv": [8, 8, 10, 9], "texture": "#5"}
			}
		},
		{
			"from": [2, 6, 6],
			"to": [2, 9, 10],
			"faces": {
				"east": {"uv": [8, 8, 10, 9], "texture": "#5"},
				"west": {"uv": [2, 8, 4, 9.5], "texture": "#5"}
			}
		},
		{
			"from": [11.5, 11.5, 1.75],
			"to": [14.25, 13.25, 4.5],
			"faces": {
				"north": {"uv": [14, 0, 15.5, 1], "texture": "#5"},
				"east": {"uv": [12.5, 0, 14, 1], "texture": "#5"},
				"south": {"uv": [14, 0, 15.5, 1], "texture": "#5"},
				"west": {"uv": [12.5, 0, 14, 1], "texture": "#5"},
				"up": {"uv": [12.5, 1.5, 14, 3], "rotation": 270, "texture": "#5"},
				"down": {"uv": [12.5, 1.5, 14, 3], "rotation": 180, "texture": "#5"}
			}
		},
		{
			"from": [12.5, 11.5, 4.5],
			"to": [14.25, 13.25, 5.5],
			"faces": {
				"east": {"uv": [12, 0, 12.5, 1], "texture": "#5"},
				"south": {"uv": [13.5, 0, 14.5, 1], "texture": "#5"},
				"west": {"uv": [12, 0, 12.5, 1], "texture": "#5"},
				"up": {"uv": [12, 2, 12.5, 3], "rotation": 90, "texture": "#5"},
				"down": {"uv": [12, 2, 12.5, 3], "rotation": 90, "texture": "#5"}
			}
		},
		{
			"from": [10.5, 11.5, 1.75],
			"to": [11.5, 13.25, 3.5],
			"faces": {
				"north": {"uv": [15.5, 0, 16, 1], "texture": "#5"},
				"south": {"uv": [15.5, 0, 16, 1], "texture": "#5"},
				"west": {"uv": [14.5, 0, 15.5, 1], "texture": "#5"},
				"up": {"uv": [13, 1, 14, 1.5], "rotation": 90, "texture": "#5"},
				"down": {"uv": [13, 1, 14, 1.5], "rotation": 90, "texture": "#5"}
			}
		},
		{
			"from": [1.75, 11.5, 1.75],
			"to": [4.5, 13.25, 4.5],
			"faces": {
				"north": {"uv": [12.5, 0, 14, 1], "texture": "#5"},
				"east": {"uv": [14, 0, 15.5, 1], "texture": "#5"},
				"south": {"uv": [12.5, 0, 14, 1], "texture": "#5"},
				"west": {"uv": [14, 0, 15.5, 1], "texture": "#5"},
				"up": {"uv": [12.5, 1.5, 14, 3], "rotation": 180, "texture": "#5"},
				"down": {"uv": [12.5, 1.5, 14, 3], "rotation": 270, "texture": "#5"}
			}
		},
		{
			"from": [4.5, 11.5, 1.75],
			"to": [5.5, 13.25, 3.5],
			"faces": {
				"north": {"uv": [12, 0, 12.5, 1], "texture": "#5"},
				"east": {"uv": [13.5, 0, 14.5, 1], "texture": "#5"},
				"south": {"uv": [12, 0, 12.5, 1], "texture": "#5"},
				"up": {"uv": [12, 2, 12.5, 3], "texture": "#5"},
				"down": {"uv": [12, 2, 12.5, 3], "rotation": 180, "texture": "#5"}
			}
		},
		{
			"from": [1.75, 11.5, 4.5],
			"to": [3.5, 13.25, 5.5],
			"faces": {
				"east": {"uv": [15.5, 0, 16, 1], "texture": "#5"},
				"south": {"uv": [14.5, 0, 15.5, 1], "texture": "#5"},
				"west": {"uv": [15.5, 0, 16, 1], "texture": "#5"},
				"up": {"uv": [13, 1, 14, 1.5], "texture": "#5"},
				"down": {"uv": [13, 1, 14, 1.5], "rotation": 180, "texture": "#5"}
			}
		},
		{
			"from": [1.75, 11.5, 11.5],
			"to": [4.5, 13.25, 14.25],
			"faces": {
				"north": {"uv": [14, 0, 15.5, 1], "texture": "#5"},
				"east": {"uv": [12.5, 0, 14, 1], "texture": "#5"},
				"south": {"uv": [14, 0, 15.5, 1], "texture": "#5"},
				"west": {"uv": [12.5, 0, 14, 1], "texture": "#5"},
				"up": {"uv": [12.5, 1.5, 14, 3], "rotation": 90, "texture": "#5"},
				"down": {"uv": [12.5, 1.5, 14, 3], "texture": "#5"}
			}
		},
		{
			"from": [1.75, 11.5, 10.5],
			"to": [3.5, 13.25, 11.5],
			"faces": {
				"north": {"uv": [13.5, 0, 14.5, 1], "texture": "#5"},
				"east": {"uv": [12, 0, 12.5, 1], "texture": "#5"},
				"west": {"uv": [12, 0, 12.5, 1], "texture": "#5"},
				"up": {"uv": [12, 2, 12.5, 3], "rotation": 270, "texture": "#5"},
				"down": {"uv": [12, 2, 12.5, 3], "rotation": 270, "texture": "#5"}
			}
		},
		{
			"from": [4.5, 11.5, 12.5],
			"to": [5.5, 13.25, 14.25],
			"faces": {
				"north": {"uv": [15.5, 0, 16, 1], "texture": "#5"},
				"east": {"uv": [14.5, 0, 15.5, 1], "texture": "#5"},
				"south": {"uv": [15.5, 0, 16, 1], "texture": "#5"},
				"up": {"uv": [13, 1, 14, 1.5], "rotation": 270, "texture": "#5"},
				"down": {"uv": [13, 1, 14, 1.5], "rotation": 270, "texture": "#5"}
			}
		},
		{
			"from": [11.5, 11.5, 11.5],
			"to": [14.25, 13.25, 14.25],
			"faces": {
				"north": {"uv": [12.5, 0, 14, 1], "texture": "#5"},
				"east": {"uv": [14, 0, 15.5, 1], "texture": "#5"},
				"south": {"uv": [12.5, 0, 14, 1], "texture": "#5"},
				"west": {"uv": [14, 0, 15.5, 1], "texture": "#5"},
				"up": {"uv": [12.5, 1.5, 14, 3], "texture": "#5"},
				"down": {"uv": [12.5, 1.5, 14, 3], "rotation": 90, "texture": "#5"}
			}
		},
		{
			"from": [10.5, 11.5, 12.5],
			"to": [11.5, 13.25, 14.25],
			"rotation": {"angle": 0, "axis": "y", "origin": [12.8125, 12.375, 12.1875]},
			"faces": {
				"north": {"uv": [12, 0, 12.5, 1], "texture": "#5"},
				"south": {"uv": [12, 0, 12.5, 1], "texture": "#5"},
				"west": {"uv": [13.5, 0, 14.5, 1], "texture": "#5"},
				"up": {"uv": [12, 2, 12.5, 3], "rotation": 180, "texture": "#5"},
				"down": {"uv": [12, 2, 12.5, 3], "texture": "#5"}
			}
		},
		{
			"from": [12.5, 11.5, 10.5],
			"to": [14.25, 13.25, 11.5],
			"rotation": {"angle": 0, "axis": "y", "origin": [12.8125, 12.375, 12.1875]},
			"faces": {
				"north": {"uv": [14.5, 0, 15.5, 1], "texture": "#5"},
				"east": {"uv": [15.5, 0, 16, 1], "texture": "#5"},
				"west": {"uv": [15.5, 0, 16, 1], "texture": "#5"},
				"up": {"uv": [13, 1, 14, 1.5], "rotation": 180, "texture": "#5"},
				"down": {"uv": [13, 1, 14, 1.5], "texture": "#5"}
			}
		},
		{
			"from": [11, 19, 10.5],
			"to": [12, 20, 10.5],
			"rotation": {"angle": -45, "axis": "y", "origin": [11.5, 19, 10.5]},
			"faces": {
				"north": {"uv": [0, 5, 1, 6], "texture": "#candle"},
				"south": {"uv": [0, 5, 1, 6], "texture": "#candle"}
			}
		},
		{
			"from": [11, 19, 10.5],
			"to": [12, 20, 10.5],
			"rotation": {"angle": 45, "axis": "y", "origin": [11.5, 19, 10.5]},
			"faces": {
				"north": {"uv": [0, 5, 1, 6], "texture": "#candle"},
				"south": {"uv": [0, 5, 1, 6], "texture": "#candle"}
			}
		},
		{
			"from": [10.5, 13, 9.5],
			"to": [12.5, 19, 11.5],
			"rotation": {"angle": 0, "axis": "y", "origin": [2.5, 13, 3]},
			"faces": {
				"north": {"uv": [0, 8, 2, 14], "texture": "#candle"},
				"east": {"uv": [0, 8, 2, 14], "texture": "#candle"},
				"south": {"uv": [0, 8, 2, 14], "texture": "#candle"},
				"west": {"uv": [0, 8, 2, 14], "texture": "#candle"},
				"up": {"uv": [0, 6, 2, 8], "texture": "#candle"}
			}
		},
		{
			"from": [8.5, 13, 11.5],
			"to": [10.5, 18, 13.5],
			"rotation": {"angle": 0, "axis": "y", "origin": [3.5, 13, 3.75]},
			"faces": {
				"north": {"uv": [0, 8, 2, 13], "texture": "#candle"},
				"east": {"uv": [0, 8, 2, 13], "texture": "#candle"},
				"south": {"uv": [0, 8, 2, 13], "texture": "#candle"},
				"west": {"uv": [0, 8, 2, 13], "texture": "#candle"},
				"up": {"uv": [0, 6, 2, 8], "texture": "#candle"}
			}
		},
		{
			"from": [9, 18, 12.5],
			"to": [10, 19, 12.5],
			"rotation": {"angle": 45, "axis": "y", "origin": [9.5, 18, 12.5]},
			"faces": {
				"north": {"uv": [0, 5, 1, 6], "texture": "#candle"},
				"south": {"uv": [1, 5, 0, 6], "texture": "#candle"}
			}
		},
		{
			"from": [9, 18, 12.5],
			"to": [10, 19, 12.5],
			"rotation": {"angle": -45, "axis": "y", "origin": [9.5, 18, 12.5]},
			"faces": {
				"north": {"uv": [0, 5, 1, 6], "texture": "#candle"},
				"south": {"uv": [1, 5, 0, 6], "texture": "#candle"}
			}
		},
		{
			"from": [3, 16, 9.5],
			"to": [4, 17, 9.5],
			"rotation": {"angle": -45, "axis": "y", "origin": [3.5, 16, 9.5]},
			"faces": {
				"north": {"uv": [0, 5, 1, 6], "texture": "#candle"},
				"south": {"uv": [1, 5, 0, 6], "texture": "#candle"}
			}
		},
		{
			"from": [3, 16, 9.5],
			"to": [4, 17, 9.5],
			"rotation": {"angle": 45, "axis": "y", "origin": [3.5, 16, 9.5]},
			"faces": {
				"north": {"uv": [0, 5, 1, 6], "texture": "#candle"},
				"south": {"uv": [1, 5, 0, 6], "texture": "#candle"}
			}
		},
		{
			"from": [2.5, 13, 8.5],
			"to": [4.5, 16, 10.5],
			"rotation": {"angle": 0, "axis": "y", "origin": [-4.5, 13, -0.5]},
			"faces": {
				"north": {"uv": [0, 8, 2, 11], "texture": "#candle"},
				"east": {"uv": [0, 8, 2, 11], "texture": "#candle"},
				"south": {"uv": [0, 8, 2, 11], "texture": "#candle"},
				"west": {"uv": [0, 8, 2, 11], "texture": "#candle"},
				"up": {"uv": [0, 6, 2, 8], "texture": "#candle"}
			}
		}
	],
	"display": {
		"thirdperson_righthand": {
			"rotation": [75, 45, 0],
			"translation": [0, 2.5, 0],
			"scale": [0.375, 0.375, 0.375]
		},
		"thirdperson_lefthand": {
			"rotation": [75, 45, 0],
			"translation": [0, 2.5, 0],
			"scale": [0.375, 0.375, 0.375]
		},
		"firstperson_righthand": {
			"rotation": [0, 145, 0],
			"scale": [0.4, 0.4, 0.4]
		},
		"firstperson_lefthand": {
			"rotation": [0, 140, 0],
			"scale": [0.4, 0.4, 0.4]
		},
		"ground": {
			"translation": [0, 3, 0],
			"scale": [0.5, 0.5, 0.5]
		},
		"gui": {
			"rotation": [30, 225, 0],
			"scale": [0.7, 0.7, 0.7]
		},
		"fixed": {
			"translation": [0, 0, -3.5],
			"scale": [0.75, 0.75, 0.75]
		}
	},
	"groups": [
		0,
		1,
		2,
		3,
		{
			"name": "overcloth",
			"origin": [8, 8, 8],
			"color": 0,
			"nbt": "{}",
			"armAnimationEnabled": false,
			"children": [4, 5, 6, 7]
		},
		{
			"name": "notches",
			"origin": [8, 8, 8],
			"color": 0,
			"nbt": "{}",
			"armAnimationEnabled": false,
			"children": [
				{
					"name": "notch1",
					"origin": [8, 8, 8],
					"color": 0,
					"nbt": "{}",
					"armAnimationEnabled": false,
					"children": [8, 9, 10]
				},
				{
					"name": "notch2",
					"origin": [8, 8, 8],
					"color": 0,
					"nbt": "{}",
					"armAnimationEnabled": false,
					"children": [11, 12, 13]
				},
				{
					"name": "notch3",
					"origin": [8, 8, 8],
					"color": 0,
					"nbt": "{}",
					"armAnimationEnabled": false,
					"children": [14, 15, 16]
				},
				{
					"name": "notch4",
					"origin": [8, 8, 8],
					"color": 0,
					"nbt": "{}",
					"armAnimationEnabled": false,
					"children": [17, 18, 19]
				}
			]
		},
		{
			"name": "candles",
			"origin": [8, 8, 8],
			"color": 0,
			"nbt": "{}",
			"armAnimationEnabled": false,
			"children": [
				{
					"name": "candle1",
					"origin": [8, 8, 8],
					"color": 0,
					"nbt": "{}",
					"armAnimationEnabled": false,
					"children": [20, 21, 22]
				},
				{
					"name": "candle2",
					"origin": [8, 8, 8],
					"color": 0,
					"nbt": "{}",
					"armAnimationEnabled": false,
					"children": [23, 24, 25]
				},
				{
					"name": "candle3",
					"origin": [8, 8, 8],
					"color": 0,
					"nbt": "{}",
					"armAnimationEnabled": false,
					"children": [26, 27, 28]
				}
			]
		}
	]
}