{
  "groupOverrides": {
    "Vanilla Seeds": {
      "payment": {
        "item": "thermal:silver_coin",
        "count": 4
      }
    },
    "Vanilla Saplings": {
      "payment": {
        "item": "thermal:silver_coin",
        "count": 4
      }
    },
    "Quark Saplings": {
      "payment": {
        "item": "thermal:gold_coin",
        "count": 2
      }
    },
    "Bone Meal": {
      "payment": {
        "item": "thermal:silver_coin",
        "count": 2
      }
    },
    "Create Fertilizer": {
      "payment": {
        "item": "thermal:silver_coin",
        "count": 2
      }
    },
    "Farmers Delight Seeds": {
      "payment": {
        "item": "thermal:silver_coin",
        "count": 4
      }
    }
  },
  "entryOverrides": {
    "minecraft:wheat_seeds": {
      "amount": 4
    },
    "minecraft:pumpkin_seeds": {
      "amount": 4
    },
    "minecraft:melon_seeds": {
      "amount": 4
    },
    "minecraft:beetroot_seeds": {
      "amount": 4
    },
    "farmersdelight:cabbage_seeds": {
      "amount": 4
    },
    "farmersdelight:tomato_seeds": {
      "amount": 4
    },
    "farmersdelight:rice": {
      "amount": 4
    },
    "minecraft:oak_sapling": {
      "amount": 4
    },
    "minecraft:spruce_sapling": {
      "amount": 4
    },
    "minecraft:birch_sapling": {
      "amount": 4
    },
    "minecraft:jungle_sapling": {
      "amount": 4
    },
    "minecraft:acacia_sapling": {
      "amount": 4
    },
    "minecraft:dark_oak_sapling": {
      "amount": 4
    },
    "minecraft:carrot": {
      "amount": 4
    },
    "minecraft:potato": {
      "amount": 4
    },
    "quark:blue_blossom_sapling": {
      "amount": 4
    },
    "quark:lavender_blossom_sapling": {
      "amount": 4
    },
    "quark:orange_blossom_sapling": {
      "amount": 4
    },
    "quark:pink_blossom_sapling": {
      "amount": 4
    },
    "quark:yellow_blossom_sapling": {
      "amount": 4
    },
    "quark:red_blossom_sapling": {
      "amount": 4
    }
  }
}