{
  "fallbacks": [
    "gem"
  ],
  "color": "F15CAE",
  "luminosity": 0,
  "generator": {
    "transformer": {
      "type": "tconstruct:recolor_sprite",
      "color_mapping": {
        "type": "tconstruct:grey_to_color",
        "palette": [
          {
            "grey": 0,
            "color": "FF000000"
          },
          {
            "grey": 63,
            "color": "FFBB0067"
          },
          {
            "grey": 102,
            "color": "FFE90081"
          },
          {
            "grey": 140,
            "color": "FFEE45A3"
          },
          {
            "grey": 178,
            "color": "FFF26DB6"
          },
          {
            "grey": 216,
            "color": "FFF592C8"
          },
          {
            "grey": 255,
            "color": "FFFACAE4"
          }
        ]
      }
    },
    "supportedStats": [
      "tconstruct:head",
      "tconstruct:handle",
      "tconstruct:extra",
      "tconstruct:repair_kit",
      "tconstruct:plate"
    ],
    "ignoreMaterialStats": false
  }
}