{
  "type": "minecraft:chest",
  "pools": [
    {
      "rolls": {
        "type": "minecraft:uniform",
        "min": 1.0,
        "max": 3.0
      },
      "bonus_rolls": 1.0,
      "entries": [
        {
          "type": "minecraft:item",
          "functions": [
            {
              "function": "minecraft:set_count",
              "count": {
                "type": "minecraft:uniform",
                "min": 1.0,
                "max": 12.0
              },
              "add": false
            }
          ],
          "name": "ae2:sky_stone_block"
        },
        {
          "type": "minecraft:item",
          "functions": [
            {
              "function": "minecraft:set_count",
              "count": {
                "type": "minecraft:uniform",
                "min": 1.0,
                "max": 12.0
              },
              "add": false
            }
          ],
          "name": "minecraft:gold_nugget"
        },
        {
          "type": "minecraft:item",
          "functions": [
            {
              "function": "minecraft:set_count",
              "count": {
                "type": "minecraft:uniform",
                "min": 1.0,
                "max": 3.0
              },
              "add": false
            }
          ],
          "name": "ae2:certus_quartz_crystal"
        }
      ]
    },
    {
      "rolls": {
        "type": "minecraft:uniform",
        "min": 1.0,
        "max": 2.0
      },
      "bonus_rolls": 1.0,
      "entries": [
        {
          "type": "minecraft:item",
          "conditions": [
            {
              "condition": "ae2:needs_press",
              "press": "calc"
            }
          ],
          "name": "ae2:calculation_processor_press"
        },
        {
          "type": "minecraft:item",
          "conditions": [
            {
              "condition": "ae2:needs_press",
              "press": "eng"
            }
          ],
          "name": "ae2:engineering_processor_press"
        },
        {
          "type": "minecraft:item",
          "conditions": [
            {
              "condition": "ae2:needs_press",
              "press": "logic"
            }
          ],
          "name": "ae2:logic_processor_press"
        },
        {
          "type": "minecraft:item",
          "conditions": [
            {
              "condition": "ae2:needs_press",
              "press": "silicon"
            }
          ],
          "name": "ae2:silicon_press"
        },
        {
          "type": "minecraft:item",
          "name": "mw_core:upgrade_processor_press"
        }
      ]
    },
    {
      "rolls": {
        "type": "minecraft:uniform",
        "min": 1.0,
        "max": 2.0
      },
      "bonus_rolls": 1.0,
      "entries": [
        {
          "type": "minecraft:item",
          "name": "ae2:calculation_processor_press"
        },
        {
          "type": "minecraft:item",
          "name": "mw_core:upgrade_processor_press"
        },
        {
          "type": "minecraft:item",
          "name": "ae2:engineering_processor_press"
        },
        {
          "type": "minecraft:item",
          "name": "ae2:logic_processor_press"
        },
        {
          "type": "minecraft:item",
          "name": "ae2:silicon_press"
        }
      ],
      "conditions": [
        {
          "condition": "minecraft:inverted",
          "term": {
            "condition": "minecraft:alternative",
            "terms": [
              {
                "condition": "ae2:needs_press",
                "press": "calc"
              },
              {
                "condition": "ae2:needs_press",
                "press": "eng"
              },
              {
                "condition": "ae2:needs_press",
                "press": "logic"
              },
              {
                "condition": "ae2:needs_press",
                "press": "silicon"
              }
            ]
          }
        }
      ]
    }
  ]
}