{
	"credit": "Made with Blockbench",
	"textures": {
		"0": "thermal:block/machines/machine_centrifuge",
		"1": "thermal:block/machines/machine_side",
		"2": "thermal:block/machines/machine_top",
		"3": "thermal:block/machines/machine_bottom",
		"particle": "thermal:block/machines/machine_centrifuge"
	},
	"elements": [
		{
			"from": [0, 0, 1],
			"to": [16, 16, 16],
			"faces": {
				"north": {"uv": [0, 0, 16, 16], "texture": "#0"},
				"east": {"uv": [0, 0, 15, 16], "texture": "#1"},
				"south": {"uv": [0, 0, 16, 16], "texture": "#1"},
				"west": {"uv": [1, 0, 16, 16], "texture": "#1"},
				"up": {"uv": [0, 1, 16, 16], "texture": "#2"},
				"down": {"uv": [0, 0, 16, 15], "texture": "#3"}
			}
		},
		{
			"from": [0, 0, 0],
			"to": [16, 2, 1],
			"faces": {
				"north": {"uv": [0, 14, 16, 16], "texture": "#0"},
				"east": {"uv": [15, 14, 16, 16], "texture": "#1"},
				"south": {"uv": [0, 0, 16, 2], "texture": "#missing"},
				"west": {"uv": [0, 14, 1, 16], "texture": "#1"},
				"up": {"uv": [0, 14, 16, 15], "texture": "#0"},
				"down": {"uv": [0, 0, 16, 1], "texture": "#3"}
			}
		},
		{
			"from": [0, 6, 0],
			"to": [16, 16, 1],
			"faces": {
				"north": {"uv": [0, 0, 16, 10], "texture": "#0"},
				"east": {"uv": [15, 0, 16, 10], "texture": "#1"},
				"south": {"uv": [0, 0, 16, 10], "texture": "#missing"},
				"west": {"uv": [0, 0, 1, 10], "texture": "#1"},
				"up": {"uv": [0, 0, 16, 1], "texture": "#2"},
				"down": {"uv": [0, 9, 16, 10], "texture": "#0"}
			}
		},
		{
			"from": [14, 2, 0],
			"to": [16, 6, 1],
			"faces": {
				"north": {"uv": [0, 10, 2, 14], "texture": "#0"},
				"east": {"uv": [15, 10, 16, 14], "texture": "#1"},
				"south": {"uv": [0, 0, 2, 4], "texture": "#missing"},
				"west": {"uv": [1, 10, 2, 14], "texture": "#1"},
				"up": {"uv": [0, 0, 2, 1], "texture": "#2"},
				"down": {"uv": [0, 0, 2, 1], "texture": "#missing"}
			}
		},
		{
			"from": [0, 2, 0],
			"to": [2, 6, 1],
			"faces": {
				"north": {"uv": [14, 10, 16, 14], "texture": "#0"},
				"east": {"uv": [14, 10, 15, 14], "texture": "#1"},
				"south": {"uv": [0, 0, 2, 4], "texture": "#missing"},
				"west": {"uv": [0, 10, 1, 14], "texture": "#1"},
				"up": {"uv": [0, 0, 2, 1], "texture": "#2"},
				"down": {"uv": [0, 0, 2, 1], "texture": "#missing"}
			}
		}
	],
	"gui_light": "side",
	    "display": {
	        "gui": {
	            "rotation": [ 30, 225, 0 ],
	            "translation": [ 0, 0, 0],
	            "scale":[ 0.625, 0.625, 0.625 ]
	        },
	        "ground": {
	            "rotation": [ 0, 0, 0 ],
	            "translation": [ 0, 3, 0],
	            "scale":[ 0.25, 0.25, 0.25 ]
	        },
	        "fixed": {
	            "rotation": [ 0, 0, 0 ],
	            "translation": [ 0, 0, 0],
	            "scale":[ 0.5, 0.5, 0.5 ]
	        },
	        "thirdperson_righthand": {
	            "rotation": [ 75, 45, 0 ],
	            "translation": [ 0, 2.5, 0],
	            "scale": [ 0.375, 0.375, 0.375 ]
	        },
	        "firstperson_righthand": {
	            "rotation": [ 0, 45, 0 ],
	            "translation": [ 0, 0, 0 ],
	            "scale": [ 0.40, 0.40, 0.40 ]
	        },
	        "firstperson_lefthand": {
	            "rotation": [ 0, 225, 0 ],
	            "translation": [ 0, 0, 0 ],
	            "scale": [ 0.40, 0.40, 0.40 ]
	        }
	    }
}
